"Time (s)","Latitude (°)","Longitude (°)","Height (m)","Velocity (m/s)","Direction (°)","Horizontal Accuracy (m)","Vertical Accuracy (m)"
3.930020800E-2,6.223758630E1,2.571955500E1,1.117964487E2,NaN,NaN,1.000000000E2,4.735400009E1
4.144443123E0,6.223768775E1,2.571943561E1,1.228938837E2,0.000000000E0,NaN,8.061247826E0,1.074698448E1
5.144501821E0,6.223767738E1,2.571942968E1,1.214283009E2,0.000000000E0,NaN,5.835718155E0,7.857731342E0
6.144821039E0,6.223768356E1,2.571942982E1,1.212719326E2,3.600000143E-1,3.282999878E2,4.420089722E0,5.543258667E0
7.144967653E0,6.223768229E1,2.571941803E1,1.200642894E2,3.899999857E-1,2.962999878E2,3.877398252E0,4.460319996E0
8.144440830E0,6.223769837E1,2.571939098E1,1.211565214E2,9.300000072E-1,3.053999939E2,3.790092468E0,3.827008724E0
9.145414892E0,6.223769592E1,2.571937210E1,1.194272095E2,9.499999881E-1,2.765000000E2,3.790092468E0,3.397475481E0
1.014450750E1,6.223770645E1,2.571935007E1,1.195309742E2,1.059999943E0,2.795000000E2,3.790092468E0,2.988054991E0
1.114478505E1,6.223771751E1,2.571933255E1,1.204689680E2,1.169999957E0,3.095000000E2,3.790092468E0,2.696009636E0
1.214476947E1,6.223772536E1,2.571931368E1,1.205977556E2,1.129999995E0,3.077000122E2,3.790092468E0,2.500000000E0
1.314452135E1,6.223773241E1,2.571929197E1,1.210509444E2,1.129999995E0,3.096000061E2,3.790092468E0,2.500000000E0
1.414534312E1,6.223774000E1,2.571927321E1,1.212376543E2,1.009999990E0,3.152999878E2,3.790092468E0,2.500000000E0
1.514520213E1,6.223774839E1,2.571925244E1,1.219573235E2,1.100000024E0,3.118999939E2,3.790092468E0,2.500000000E0
1.614517958E1,6.223775505E1,2.571923044E1,1.216971331E2,1.100000024E0,3.061000061E2,3.790092468E0,2.500000000E0
1.714492562E1,6.223776212E1,2.571920836E1,1.220423507E2,1.110000014E0,3.042000122E2,3.790092468E0,2.500000000E0
1.814492150E1,6.223776904E1,2.571918576E1,1.222504833E2,1.129999995E0,3.051000061E2,3.790092468E0,2.500000000E0
1.914503353E1,6.223777639E1,2.571916388E1,1.220557230E2,1.149999976E0,3.083999939E2,3.790092468E0,2.500000000E0
2.014513098E1,6.223778406E1,2.571914222E1,1.220323497E2,1.139999986E0,3.133999939E2,3.790092468E0,2.500000000E0
2.114463848E1,6.223779234E1,2.571912262E1,1.221535082E2,1.169999957E0,3.148999939E2,3.790092468E0,2.500000000E0
2.214435234E1,6.223779628E1,2.571910168E1,1.205064755E2,1.059999943E0,2.893999939E2,3.790092468E0,2.500000000E0
2.314530286E1,6.223779451E1,2.571907708E1,1.188996001E2,1.100000024E0,2.555000000E2,3.790092468E0,2.500000000E0
2.414478218E1,6.223779041E1,2.571905527E1,1.175873403E2,1.000000000E0,2.436000061E2,3.790092468E0,2.500000000E0
2.514534916E1,6.223778735E1,2.571903453E1,1.161135210E2,1.000000000E0,2.428000031E2,3.790092468E0,2.500000000E0
2.614535978E1,6.223778461E1,2.571901259E1,1.145421678E2,1.039999962E0,2.451999969E2,3.790092468E0,2.500000000E0
2.714520504E1,6.223778365E1,2.571899020E1,1.128899439E2,1.070000052E0,2.541000061E2,3.790092468E0,2.500000000E0
2.814525025E1,6.223778345E1,2.571896988E1,1.110754893E2,1.029999971E0,2.546999969E2,3.790092468E0,2.500000000E0
2.914514556E1,6.223778200E1,2.571894984E1,1.096056384E2,1.059999943E0,2.568999939E2,3.790092468E0,2.500000000E0
3.014517712E1,6.223778732E1,2.571892927E1,1.097524298E2,1.200000048E0,2.910000000E2,3.790092468E0,2.500000000E0
3.114476160E1,6.223779722E1,2.571891415E1,1.100460749E2,1.029999971E0,3.047999878E2,3.790092468E0,2.500000000E0
3.214536160E1,6.223780562E1,2.571889809E1,1.098923923E2,1.009999990E0,2.990000000E2,3.790092468E0,2.500000000E0
3.314538546E1,6.223781202E1,2.571888205E1,1.102621461E2,1.009999990E0,2.981000061E2,3.790092468E0,2.666231871E0
3.414448072E1,6.223781911E1,2.571886403E1,1.107255891E2,1.129999995E0,3.071000061E2,3.790092468E0,2.527650118E0
3.514445973E1,6.223782528E1,2.571884780E1,1.107362118E2,1.019999981E0,3.028999939E2,3.790092468E0,2.602570295E0
3.614464947E1,6.223782921E1,2.571882999E1,1.107302926E2,1.019999981E0,2.968999939E2,3.790092468E0,2.695481062E0
3.714485467E1,6.223783507E1,2.571881211E1,1.114903657E2,1.070000052E0,3.091000061E2,3.790092468E0,2.524563074E0
3.814461571E1,6.223784228E1,2.571879524E1,1.111300174E2,1.100000024E0,3.145000000E2,3.790092468E0,2.500000000E0
3.914446962E1,6.223784898E1,2.571877916E1,1.107625277E2,1.000000000E0,3.128999939E2,3.790092468E0,2.500000000E0
4.014447816E1,6.223785608E1,2.571876636E1,1.100387152E2,1.000000000E0,3.155000000E2,3.790092468E0,2.500000000E0
4.114461228E1,6.223786328E1,2.571874995E1,1.100573952E2,1.070000052E0,3.045000000E2,3.790092468E0,2.500000000E0
4.214466155E1,6.223787474E1,2.571873292E1,1.112965367E2,1.139999986E0,3.132999878E2,3.790092468E0,2.500000000E0
4.314517733E1,6.223788499E1,2.571871568E1,1.113993860E2,1.220000029E0,3.145000000E2,3.790092468E0,2.500000000E0
4.414508988E1,6.223789446E1,2.571869712E1,1.116706917E2,1.190000057E0,3.100000000E2,3.790092468E0,2.500000000E0
4.514494993E1,6.223790544E1,2.571867717E1,1.125835999E2,1.210000038E0,3.082999878E2,3.790092468E0,2.500000000E0
4.614506634E1,6.223791535E1,2.571866021E1,1.129149036E2,1.100000024E0,3.142999878E2,3.790092468E0,2.500000000E0
4.714480998E1,6.223792307E1,2.571864401E1,1.126525170E2,1.049999952E0,3.126000061E2,3.790092468E0,2.500000000E0
4.814506691E1,6.223793145E1,2.571862681E1,1.129768617E2,1.190000057E0,3.148999939E2,3.790092468E0,2.500000000E0
4.914472410E1,6.223793966E1,2.571860825E1,1.130891091E2,1.139999986E0,3.092999878E2,3.790092468E0,2.500000000E0
5.014461003E1,6.223794953E1,2.571858925E1,1.137985864E2,1.190000057E0,3.073999939E2,3.790092468E0,2.500000000E0
5.114495988E1,6.223795870E1,2.571857034E1,1.144304266E2,1.139999986E0,3.010000000E2,3.790092468E0,2.500000000E0
5.214505243E1,6.223796942E1,2.571855325E1,1.149584471E2,1.159999967E0,3.146000061E2,3.790092468E0,2.500000000E0
5.314515717E1,6.223797873E1,2.571853542E1,1.152513593E2,1.190000057E0,3.137999878E2,3.790092468E0,2.500000000E0
5.414503456E1,6.223798766E1,2.571851576E1,1.154942832E2,1.220000029E0,3.107999878E2,3.790092468E0,2.500000000E0
5.514528644E1,6.223799449E1,2.571849777E1,1.151796499E2,1.120000005E0,3.061000061E2,3.790092468E0,2.500000000E0
5.614512170E1,6.223800388E1,2.571847909E1,1.163706944E2,1.139999986E0,3.098999939E2,3.790092468E0,2.500000000E0
5.714445863E1,6.223801259E1,2.571846064E1,1.163305983E2,1.210000038E0,3.127999878E2,3.790092468E0,2.500000000E0
5.814503779E1,6.223801922E1,2.571844370E1,1.161595196E2,9.900000095E-1,3.066000061E2,3.790092468E0,2.500000000E0
5.914442201E1,6.223802742E1,2.571842543E1,1.163984760E2,1.129999995E0,3.093999939E2,3.790092468E0,2.500000000E0
6.014509716E1,6.223803523E1,2.571840520E1,1.166737479E2,1.149999976E0,3.068999939E2,3.790092468E0,2.500000000E0
6.114461388E1,6.223804428E1,2.571838702E1,1.169769138E2,1.120000005E0,3.087000122E2,3.790092468E0,2.500000000E0
6.214518873E1,6.223805332E1,2.571836679E1,1.169007460E2,1.139999986E0,3.092999878E2,3.790092468E0,2.500000000E0
6.314482753E1,6.223806107E1,2.571834860E1,1.168814623E2,1.120000005E0,3.086000061E2,3.790092468E0,2.500000000E0
6.414480623E1,6.223806790E1,2.571833136E1,1.170129350E2,1.080000043E0,3.042999878E2,3.790092468E0,2.500000000E0
6.514512326E1,6.223807505E1,2.571831337E1,1.168515001E2,1.090000033E0,3.083999939E2,3.790092468E0,2.500000000E0
6.614514227E1,6.223808279E1,2.571829429E1,1.169567281E2,1.110000014E0,3.040000000E2,3.790092468E0,2.500000000E0
6.714462029E1,6.223809180E1,2.571827748E1,1.173547427E2,1.149999976E0,3.115000000E2,3.790092468E0,2.500000000E0
6.814513997E1,6.223810102E1,2.571825964E1,1.178598740E2,1.149999976E0,3.108999939E2,3.790092468E0,2.500000000E0
6.914513789E1,6.223810830E1,2.571824392E1,1.172727192E2,1.169999957E0,3.082000122E2,3.790092468E0,2.500000000E0
7.014458216E1,6.223811476E1,2.571822821E1,1.166193407E2,1.159999967E0,3.103999939E2,3.790092468E0,2.500000000E0
7.114452221E1,6.223812392E1,2.571821451E1,1.166535860E2,1.230000019E0,3.192000122E2,3.790092468E0,2.500000000E0
7.214482523E1,6.223813221E1,2.571820234E1,1.162941542E2,1.169999957E0,3.210000000E2,3.790092468E0,2.610443115E0
7.314525122E1,6.223814091E1,2.571818966E1,1.158895566E2,1.179999948E0,3.216000061E2,3.790092468E0,2.664248228E0
7.414543586E1,6.223814996E1,2.571817789E1,1.154723249E2,1.169999957E0,3.238999939E2,3.790092468E0,2.678586245E0
7.514510606E1,6.223816081E1,2.571817230E1,1.153894454E2,1.179999948E0,3.348999939E2,3.790092468E0,2.685751200E0
7.614496841E1,6.223817250E1,2.571817148E1,1.155187249E2,1.159999967E0,3.471000061E2,3.790092468E0,2.741964817E0
7.714500685E1,6.223818441E1,2.571817989E1,1.153747508E2,1.200000048E0,6.199999809E0,3.790092468E0,2.597443819E0
7.814501763E1,6.223819595E1,2.571818682E1,1.153831812E2,1.139999986E0,3.592999878E2,3.790092468E0,2.500000000E0
7.914526408E1,6.223820649E1,2.571818811E1,1.145292448E2,1.250000000E0,3.550000000E2,3.790092468E0,2.500000000E0
8.014526351E1,6.223821497E1,2.571818533E1,1.138554827E2,1.149999976E0,3.521000061E2,3.790092468E0,2.517734289E0
8.114453263E1,6.223822570E1,2.571818913E1,1.137254846E2,1.269999981E0,1.399999976E0,3.790092468E0,2.500000000E0
8.214468872E1,6.223823764E1,2.571819798E1,1.133709392E2,1.360000014E0,1.200000000E1,3.790092468E0,2.500000000E0
8.314527580E1,6.223825030E1,2.571820920E1,1.129325932E2,1.360000014E0,1.180000019E1,3.790092468E0,2.500000000E0
8.414539226E1,6.223826281E1,2.571822208E1,1.126818083E2,1.360000014E0,1.729999924E1,3.790092468E0,2.500000000E0
8.514482137E1,6.223827529E1,2.571823584E1,1.124296195E2,1.309999943E0,1.910000038E1,3.790092468E0,2.500000000E0
8.614526018E1,6.223828734E1,2.571824786E1,1.122606214E2,1.289999962E0,1.770000076E1,3.790092468E0,2.500000000E0
8.714444679E1,6.223829969E1,2.571825869E1,1.121378269E2,1.269999981E0,1.389999962E1,3.790092468E0,2.500000000E0
8.814453741E1,6.223831252E1,2.571826893E1,1.117177914E2,1.289999962E0,1.400000000E1,3.790092468E0,2.500000000E0
8.914524116E1,6.223832597E1,2.571828171E1,1.118557400E2,1.309999943E0,1.789999962E1,3.790092468E0,2.500000000E0
9.014505012E1,6.223833895E1,2.571829532E1,1.118555657E2,1.330000043E0,1.870000076E1,3.790092468E0,2.500000000E0
9.114455314E1,6.223835107E1,2.571831141E1,1.115448442E2,1.299999952E0,2.429999924E1,3.790092468E0,2.500000000E0
9.214496616E1,6.223836381E1,2.571832605E1,1.116365278E2,1.340000033E0,2.129999924E1,3.790092468E0,2.500000000E0
9.314469158E1,6.223837555E1,2.571834208E1,1.112692264E2,1.309999943E0,2.450000000E1,3.790092468E0,2.500000000E0
9.414487548E1,6.223838905E1,2.571835805E1,1.113238012E2,1.299999952E0,2.900000000E1,3.790092468E0,2.500000000E0
9.514443033E1,6.223840410E1,2.571835835E1,1.113451116E2,1.379999995E0,2.299999952E0,3.790092468E0,2.500000000E0
9.614512705E1,6.223841680E1,2.571835528E1,1.111376607E2,1.299999952E0,3.299999952E0,3.790092468E0,2.500000000E0
9.714496746E1,6.223842906E1,2.571834337E1,1.116709925E2,1.360000014E0,3.475000000E2,3.790092468E0,2.500000000E0
9.814513366E1,6.223843985E1,2.571833210E1,1.116599509E2,1.269999981E0,3.501000061E2,3.790092468E0,2.500000000E0
9.914494715E1,6.223844893E1,2.571831996E1,1.115601631E2,1.039999962E0,3.447999878E2,3.790092468E0,2.500000000E0
1.001446305E2,6.223845998E1,2.571831694E1,1.115590710E2,1.289999962E0,7.500000000E0,3.790092468E0,2.500000000E0
1.011445143E2,6.223847003E1,2.571832732E1,1.116892658E2,1.309999943E0,2.810000038E1,3.790092468E0,2.500000000E0
1.021451546E2,6.223847915E1,2.571834290E1,1.117767969E2,1.259999990E0,3.850000000E1,3.790092468E0,2.500000000E0
1.031451308E2,6.223848735E1,2.571836269E1,1.116884243E2,1.259999990E0,4.779999924E1,3.790092468E0,2.500000000E0
1.041445039E2,6.223849737E1,2.571837943E1,1.120155190E2,1.289999962E0,3.550000000E1,3.790092468E0,2.500000000E0
1.051449658E2,6.223850793E1,2.571839629E1,1.122068107E2,1.320000052E0,3.309999847E1,3.790092468E0,2.500000000E0
1.061449163E2,6.223851886E1,2.571841153E1,1.122516793E2,1.250000000E0,3.450000000E1,3.790092468E0,2.500000000E0
1.071448557E2,6.223853243E1,2.571842280E1,1.125456336E2,1.340000033E0,2.000000000E1,3.790092468E0,2.500000000E0
1.081454128E2,6.223854669E1,2.571842595E1,1.125000492E2,1.409999967E0,4.300000191E0,3.790092468E0,2.500000000E0
1.091445572E2,6.223855955E1,2.571841646E1,1.126355545E2,1.360000014E0,3.442999878E2,3.790092468E0,2.500000000E0
1.101444491E2,6.223857084E1,2.571839518E1,1.134163216E2,1.379999995E0,3.220000000E2,3.790092468E0,2.500000000E0
1.111444415E2,6.223857997E1,2.571837242E1,1.136637010E2,1.250000000E0,3.217999878E2,3.790092468E0,2.531209946E0
1.121447705E2,6.223858745E1,2.571834859E1,1.140322953E2,1.190000057E0,3.171000061E2,3.790092468E0,2.656231642E0
1.131446174E2,6.223859526E1,2.571832371E1,1.141626084E2,1.230000019E0,3.140000000E2,3.790092468E0,2.721442699E0
1.141446318E2,6.223860144E1,2.571829784E1,1.142046636E2,1.230000019E0,3.087000122E2,3.790092468E0,2.803416491E0
1.151445002E2,6.223860811E1,2.571827151E1,1.143086087E2,1.220000029E0,3.142999878E2,3.790092468E0,2.814476252E0
1.161453484E2,6.223861461E1,2.571824484E1,1.142827319E2,1.279999971E0,3.138999939E2,3.790092468E0,2.874465466E0
1.171451960E2,6.223862227E1,2.571822043E1,1.139936113E2,1.250000000E0,3.168999939E2,3.790092468E0,2.958890200E0
1.181452237E2,6.223863016E1,2.571819784E1,1.144425892E2,1.259999990E0,3.163999939E2,3.790092468E0,3.134528160E0
1.191446269E2,6.223863659E1,2.571817192E1,1.137562510E2,1.309999943E0,3.133999939E2,3.790092468E0,3.197024822E0
1.201448180E2,6.223864475E1,2.571815111E1,1.138916305E2,1.299999952E0,3.221000061E2,3.790092468E0,3.205015659E0
1.211449775E2,6.223865453E1,2.571813128E1,1.139919158E2,1.309999943E0,3.272000122E2,3.790092468E0,3.306628466E0
1.221453077E2,6.223866378E1,2.571810764E1,1.138274911E2,1.429999948E0,3.167999878E2,3.790092468E0,3.307541609E0
1.231444560E2,6.223867332E1,2.571808348E1,1.134206959E2,1.429999948E0,3.152000122E2,3.790092468E0,3.214612246E0
1.241445299E2,6.223868183E1,2.571805885E1,1.132755578E2,1.509999990E0,3.127999878E2,3.790092468E0,3.080780745E0
1.251454225E2,6.223869151E1,2.571803600E1,1.131784552E2,1.470000029E0,3.130000000E2,3.790092468E0,3.087218046E0
1.261452956E2,6.223870056E1,2.571801413E1,1.131066208E2,1.419999957E0,3.147000122E2,3.790092468E0,2.968018293E0
1.271444569E2,6.223870892E1,2.571799140E1,1.128790852E2,1.389999986E0,3.115000000E2,3.790092468E0,2.964277029E0
1.281447696E2,6.223871714E1,2.571796743E1,1.130029289E2,1.450000048E0,3.086000061E2,3.790092468E0,2.872530222E0
1.291447928E2,6.223872686E1,2.571794387E1,1.132439000E2,1.500000000E0,3.133999939E2,3.790092468E0,2.781168222E0
1.301444790E2,6.223873576E1,2.571792140E1,1.132762525E2,1.389999986E0,3.120000000E2,3.790092468E0,2.872856379E0
1.311445693E2,6.223874303E1,2.571789749E1,1.133144633E2,1.419999957E0,3.052999878E2,3.790092468E0,3.002022266E0
1.321446038E2,6.223875092E1,2.571787319E1,1.132331066E2,1.409999967E0,3.085000000E2,3.790092468E0,3.067325592E0
1.331454038E2,6.223875896E1,2.571785215E1,1.131805587E2,1.370000005E0,3.147999878E2,3.790092468E0,2.941268444E0
1.341446156E2,6.223876710E1,2.571782908E1,1.132635699E2,1.440000057E0,3.116000061E2,3.790092468E0,2.897217274E0
1.351446192E2,6.223877582E1,2.571780578E1,1.133401727E2,1.450000048E0,3.141000061E2,3.790092468E0,2.544761896E0
1.361446354E2,6.223878559E1,2.571778438E1,1.131473671E2,1.470000029E0,3.163999939E2,3.790092468E0,2.500000000E0
1.371444871E2,6.223879507E1,2.571776209E1,1.132187825E2,1.519999981E0,3.128999939E2,3.790092468E0,2.500000000E0
1.381452135E2,6.223880524E1,2.571774020E1,1.130720587E2,1.480000019E0,3.155000000E2,3.790092468E0,2.500000000E0
1.391453686E2,6.223881546E1,2.571771778E1,1.129227713E2,1.549999952E0,3.143999939E2,3.790092468E0,2.500000000E0
1.401444523E2,6.223882629E1,2.571769655E1,1.127721417E2,1.539999962E0,3.185000000E2,3.790092468E0,2.500000000E0
1.411452755E2,6.223883719E1,2.571767519E1,1.126375643E2,1.559999943E0,3.182999878E2,3.790092468E0,2.500000000E0
1.421452970E2,6.223884900E1,2.571765438E1,1.126427581E2,1.639999986E0,3.235000000E2,3.790092468E0,2.500000000E0
1.431450746E2,6.223886330E1,2.571763783E1,1.128783613E2,1.539999962E0,3.273999939E2,3.790092468E0,2.500000000E0
1.441450266E2,6.223887584E1,2.571762402E1,1.128436390E2,1.450000048E0,3.237000122E2,3.790092468E0,2.500000000E0
1.451452674E2,6.223888912E1,2.571761395E1,1.126040834E2,1.460000038E0,3.296000061E2,3.790092468E0,2.500000000E0
1.461453845E2,6.223890312E1,2.571760528E1,1.125136372E2,1.620000005E0,3.343999939E2,3.790092468E0,2.500000000E0
1.471447628E2,6.223891655E1,2.571759680E1,1.125180394E2,1.529999971E0,3.391000061E2,3.790092468E0,2.500000000E0
1.481447501E2,6.223892846E1,2.571758506E1,1.122822060E2,1.500000000E0,3.343999939E2,3.790092468E0,2.500000000E0
1.491445746E2,6.223894079E1,2.571757071E1,1.121429302E2,1.570000052E0,3.315000000E2,3.790092468E0,2.500000000E0
1.501445832E2,6.223895405E1,2.571755548E1,1.119236990E2,1.639999986E0,3.327999878E2,3.790092468E0,2.500000000E0
1.511444311E2,6.223896659E1,2.571754135E1,1.117132564E2,1.629999995E0,3.336000061E2,3.790092468E0,2.500000000E0
1.521446025E2,6.223897955E1,2.571752778E1,1.115511540E2,1.549999952E0,3.367000122E2,3.790092468E0,2.500000000E0
1.531452016E2,6.223899132E1,2.571751370E1,1.115068487E2,1.549999952E0,3.323999939E2,3.790092468E0,2.500000000E0
1.541453693E2,6.223900502E1,2.571750255E1,1.115114949E2,1.649999976E0,3.417000122E2,3.790092468E0,2.500000000E0
1.551453760E2,6.223901996E1,2.571749767E1,1.111694016E2,1.659999967E0,3.496000061E2,3.790092468E0,2.500000000E0
1.561445507E2,6.223903583E1,2.571750291E1,1.110998316E2,1.710000038E0,6.699999809E0,3.790092468E0,2.500000000E0
1.571446475E2,6.223904983E1,2.571751342E1,1.106378657E2,1.490000010E0,1.450000000E1,3.790092468E0,2.500000000E0
1.581444462E2,6.223906257E1,2.571752655E1,1.101109579E2,1.440000057E0,2.339999962E1,3.790092468E0,2.500000000E0
1.591453909E2,6.223907463E1,2.571754356E1,1.098063399E2,1.440000057E0,2.439999962E1,3.790092468E0,2.500000000E0
1.601452051E2,6.223908811E1,2.571756052E1,1.094793229E2,1.580000043E0,2.400000000E1,3.790092468E0,2.500000000E0
1.611451913E2,6.223910337E1,2.571757495E1,1.091735471E2,1.580000043E0,2.010000038E1,3.790092468E0,2.500000000E0
1.621444392E2,6.223911901E1,2.571758994E1,1.090269512E2,1.629999995E0,2.200000000E1,3.790092468E0,2.500000000E0
1.631444352E2,6.223913247E1,2.571760339E1,1.084949779E2,1.500000000E0,2.050000000E1,3.790092468E0,2.500000000E0
1.641454112E2,6.223914635E1,2.571761603E1,1.082297284E2,1.559999943E0,1.989999962E1,3.790092468E0,2.500000000E0
1.651450375E2,6.223915857E1,2.571763091E1,1.078717046E2,1.529999971E0,2.139999962E1,3.790092468E0,2.500000000E0
1.661447587E2,6.223917260E1,2.571764763E1,1.080670878E2,1.590000033E0,2.639999962E1,3.790092468E0,2.500000000E0
1.671453638E2,6.223918689E1,2.571766553E1,1.079774371E2,1.649999976E0,2.789999962E1,3.790092468E0,2.500000000E0
1.681444382E2,6.223919982E1,2.571768723E1,1.081053151E2,1.649999976E0,3.540000153E1,3.790092468E0,2.500000000E0
1.691453956E2,6.223921247E1,2.571770924E1,1.081367575E2,1.610000014E0,3.900000000E1,3.790092468E0,2.500000000E0
1.701447904E2,6.223922547E1,2.571772919E1,1.082318595E2,1.639999986E0,3.320000076E1,3.790092468E0,2.500000000E0
1.711453212E2,6.223923817E1,2.571774592E1,1.082316243E2,1.539999962E0,2.950000000E1,3.790092468E0,2.500000000E0
1.721453975E2,6.223925087E1,2.571776128E1,1.083977097E2,1.500000000E0,2.700000000E1,3.790092468E0,2.500000000E0
1.731444363E2,6.223926394E1,2.571777455E1,1.085645276E2,1.549999952E0,2.770000076E1,3.790092468E0,2.500000000E0
1.741452942E2,6.223927629E1,2.571779611E1,1.089319683E2,1.590000033E0,4.579999924E1,3.790092468E0,2.500000000E0
1.751444435E2,6.223928796E1,2.571781744E1,1.092820135E2,1.519999981E0,4.529999924E1,3.790092468E0,2.500000000E0
1.761446284E2,6.223929729E1,2.571784066E1,1.094885637E2,1.389999986E0,4.809999847E1,3.790092468E0,2.500000000E0
1.771444335E2,6.223930628E1,2.571786207E1,1.095112147E2,1.289999962E0,5.409999847E1,3.790092468E0,2.500000000E0
1.781452077E2,6.223931624E1,2.571788620E1,1.098873211E2,1.570000052E0,4.909999847E1,3.790092468E0,2.500000000E0
1.791449249E2,6.223932710E1,2.571791123E1,1.102387088E2,1.490000010E0,4.820000076E1,3.790092468E0,2.500000000E0
1.801449169E2,6.223933926E1,2.571793580E1,1.104165133E2,1.580000043E0,4.259999847E1,3.790092468E0,2.500000000E0
1.811444459E2,6.223935154E1,2.571795630E1,1.102330505E2,1.559999943E0,3.809999847E1,3.790092468E0,2.500000000E0
1.821448160E2,6.223936285E1,2.571797804E1,1.101227073E2,1.600000024E0,4.220000076E1,3.790092468E0,2.500000000E0
1.831446591E2,6.223937334E1,2.571799771E1,1.101859475E2,1.460000038E0,4.150000000E1,3.790092468E0,2.500000000E0
1.841452441E2,6.223938432E1,2.571801989E1,1.103736388E2,1.600000024E0,4.490000153E1,3.790092468E0,2.500000000E0
1.851449074E2,6.223939620E1,2.571803994E1,1.105028588E2,1.559999943E0,3.859999847E1,3.790092468E0,2.500000000E0
1.861444440E2,6.223940806E1,2.571806040E1,1.104317615E2,1.559999943E0,4.320000076E1,3.790092468E0,2.500000000E0
1.871452643E2,6.223941844E1,2.571808175E1,1.102500676E2,1.610000014E0,4.370000076E1,3.790092468E0,2.500000000E0
1.881450201E2,6.223942960E1,2.571810268E1,1.105766750E2,1.590000033E0,4.359999847E1,3.790092468E0,2.500000000E0
1.891447806E2,6.223944007E1,2.571812264E1,1.106501690E2,1.620000005E0,4.400000000E1,3.790092468E0,2.500000000E0
1.901446452E2,6.223944915E1,2.571814561E1,1.105049735E2,1.600000024E0,4.640000153E1,3.790092468E0,2.500000000E0
1.911444368E2,6.223945964E1,2.571816864E1,1.107782969E2,1.629999995E0,4.409999847E1,3.790092468E0,2.500000000E0
1.921448121E2,6.223947101E1,2.571819024E1,1.108882296E2,1.639999986E0,4.400000000E1,3.790092468E0,2.500000000E0
1.931452020E2,6.223948160E1,2.571821096E1,1.110126271E2,1.620000005E0,4.609999847E1,3.790092468E0,2.500000000E0
1.941452786E2,6.223949384E1,2.571822892E1,1.109083267E2,1.590000033E0,4.279999924E1,3.790092468E0,2.500000000E0
1.951444784E2,6.223950533E1,2.571824836E1,1.108342384E2,1.570000052E0,4.559999847E1,3.790092468E0,2.500000000E0
1.961451619E2,6.223951681E1,2.571826619E1,1.110781431E2,1.600000024E0,4.279999924E1,3.790092468E0,2.500000000E0
1.971451904E2,6.223952824E1,2.571828642E1,1.110824239E2,1.590000033E0,4.359999847E1,3.790092468E0,2.500000000E0
1.981451298E2,6.223953888E1,2.571830331E1,1.110843236E2,1.519999981E0,4.190000153E1,3.790092468E0,2.500000000E0
1.991452062E2,6.223954925E1,2.571832217E1,1.105922047E2,1.549999952E0,4.029999924E1,3.790092468E0,2.500000000E0
2.001451212E2,6.223955986E1,2.571834251E1,1.103682136E2,1.590000033E0,3.859999847E1,3.790092468E0,2.500000000E0
2.011451188E2,6.223956948E1,2.571836283E1,1.100369830E2,1.519999981E0,4.129999924E1,3.790092468E0,2.500000000E0
2.021452960E2,6.223957971E1,2.571838050E1,1.098085359E2,1.539999962E0,3.520000076E1,3.790092468E0,2.500000000E0
2.031450570E2,6.223958973E1,2.571840114E1,1.093938705E2,1.570000052E0,4.020000076E1,3.790092468E0,2.500000000E0
2.041455112E2,6.223959948E1,2.571842211E1,1.093357724E2,1.580000043E0,4.270000076E1,3.790092468E0,2.500000000E0
2.051463126E2,6.223960912E1,2.571844203E1,1.093857675E2,1.529999971E0,4.379999924E1,3.790092468E0,2.500000000E0
2.061455522E2,6.223961998E1,2.571846287E1,1.093666715E2,1.570000052E0,4.409999847E1,3.790092468E0,2.500000000E0
2.071464142E2,6.223963259E1,2.571848346E1,1.095170102E2,1.590000033E0,4.009999847E1,3.790092468E0,2.500000000E0
2.081455665E2,6.223964456E1,2.571850671E1,1.095670068E2,1.509999990E0,4.059999847E1,3.790092468E0,2.500000000E0
2.091455810E2,6.223965895E1,2.571852591E1,1.099794925E2,1.509999990E0,3.029999924E1,3.790092468E0,2.500000000E0
2.101455644E2,6.223967242E1,2.571854585E1,1.103375343E2,1.500000000E0,3.340000153E1,3.790092468E0,2.500000000E0
2.111463698E2,6.223968442E1,2.571856501E1,1.102323183E2,1.519999981E0,3.929999924E1,3.790092468E0,2.500000000E0
2.121457954E2,6.223969865E1,2.571857846E1,1.101370520E2,1.519999981E0,3.500000000E1,3.790092468E0,2.500000000E0
2.131456563E2,6.223971507E1,2.571858306E1,1.104036639E2,1.519999981E0,3.170000076E1,3.790092468E0,2.500000000E0
2.141455614E2,6.223972909E1,2.571859323E1,1.103441638E2,1.470000029E0,4.450000000E1,3.790092468E0,2.500000000E0
2.151463669E2,6.223974274E1,2.571860831E1,1.105215413E2,1.509999990E0,5.059999847E1,3.790092468E0,2.500000000E0
2.161460197E2,6.223975760E1,2.571862434E1,1.106179260E2,1.490000010E0,4.750000000E1,3.790092468E0,2.500000000E0
2.171462841E2,6.223977117E1,2.571863860E1,1.105373688E2,1.480000019E0,4.979999924E1,3.790092468E0,2.500000000E0
2.181461681E2,6.223978453E1,2.571865251E1,1.104804931E2,1.500000000E0,4.900000000E1,3.790092468E0,2.500000000E0
2.191459581E2,6.223979726E1,2.571866434E1,1.106606164E2,1.470000029E0,4.870000076E1,3.790092468E0,2.500000000E0
2.201463328E2,6.223980982E1,2.571867766E1,1.104027514E2,1.440000057E0,4.790000153E1,3.790092468E0,2.500000000E0
2.211454207E2,6.223982253E1,2.571869424E1,1.100919083E2,1.539999962E0,4.379999924E1,3.790092468E0,2.500000000E0
2.221462448E2,6.223983521E1,2.571870728E1,1.096656473E2,1.450000048E0,4.259999847E1,3.790092468E0,2.500000000E0
2.231455670E2,6.223984654E1,2.571872228E1,1.095759336E2,1.399999976E0,3.909999847E1,3.790092468E0,2.500000000E0
2.241457692E2,6.223986104E1,2.571872755E1,1.099051664E2,1.620000005E0,1.569999981E1,3.790092468E0,2.500000000E0
2.251458123E2,6.223987387E1,2.571873119E1,1.099970934E2,1.490000010E0,1.670000076E1,3.790092468E0,2.500000000E0
2.261458735E2,6.223988312E1,2.571874706E1,1.097347710E2,1.519999981E0,4.040000153E1,3.790092468E0,2.500000000E0
2.271455779E2,6.223989334E1,2.571876246E1,1.102989262E2,1.519999981E0,2.789999962E1,3.790092468E0,2.500000000E0
2.281458018E2,6.223990620E1,2.571876168E1,1.105582724E2,1.509999990E0,1.610000038E1,3.790092468E0,2.500000000E0
2.291460905E2,6.223991964E1,2.571876371E1,1.108855512E2,1.490000010E0,1.589999962E1,3.790092468E0,2.500000000E0
2.301457830E2,6.223993184E1,2.571877926E1,1.106621710E2,1.509999990E0,2.400000000E1,3.790092468E0,2.500000000E0
2.311458008E2,6.223994480E1,2.571879239E1,1.109749239E2,1.490000010E0,2.429999924E1,3.790092468E0,2.500000000E0
2.321462486E2,6.223996184E1,2.571878208E1,1.107589912E2,1.809999943E0,3.482000122E2,3.790092468E0,2.500000000E0
2.331456223E2,6.223997587E1,2.571877430E1,1.108222927E2,1.509999990E0,3.405000000E2,3.790092468E0,2.500000000E0
2.341459405E2,6.223999044E1,2.571877220E1,1.101258292E2,1.500000000E0,3.458999939E2,3.790092468E0,2.500000000E0
2.351459211E2,6.224000498E1,2.571878776E1,1.102294768E2,1.559999943E0,1.260000038E1,3.790092468E0,2.500000000E0
2.361459379E2,6.224001862E1,2.571880357E1,1.108590639E2,1.490000010E0,1.839999962E1,3.790092468E0,2.500000000E0
2.371461639E2,6.224003231E1,2.571881921E1,1.114168125E2,1.500000000E0,1.550000000E1,3.790092468E0,2.500000000E0
2.381462733E2,6.224004681E1,2.571883365E1,1.122066172E2,1.669999957E0,1.610000038E1,3.790092468E0,2.500000000E0
2.391460745E2,6.224006030E1,2.571884274E1,1.120310279E2,1.470000029E0,8.600000381E0,3.790092468E0,2.500000000E0
2.401458586E2,6.224007444E1,2.571885159E1,1.122450874E2,1.490000010E0,8.399999619E0,3.790092468E0,2.500000000E0
2.411464033E2,6.224008824E1,2.571886832E1,1.121534222E2,1.529999971E0,1.910000038E1,3.790092468E0,2.500000000E0
2.421461105E2,6.224010191E1,2.571888186E1,1.119575696E2,1.549999952E0,1.030000019E1,3.790092468E0,2.500000000E0
2.431457854E2,6.224011544E1,2.571889104E1,1.117264993E2,1.570000052E0,7.599999905E0,3.790092468E0,2.500000000E0
2.441458108E2,6.224012923E1,2.571889207E1,1.115408389E2,1.580000043E0,3.598999939E2,3.790092468E0,2.500000000E0
2.451458591E2,6.224014255E1,2.571889514E1,1.115628198E2,1.559999943E0,6.000000000E0,3.790092468E0,2.500000000E0
2.461456639E2,6.224015492E1,2.571890240E1,1.114035871E2,1.580000043E0,1.119999981E1,3.790092468E0,2.500000000E0
2.471455074E2,6.224016795E1,2.571890796E1,1.113937688E2,1.529999971E0,7.199999809E0,3.790092468E0,2.500000000E0
2.481463403E2,6.224018091E1,2.571890774E1,1.113953025E2,1.600000024E0,3.900000095E0,3.790092468E0,2.500000000E0
2.491463384E2,6.224019412E1,2.571890523E1,1.113278665E2,1.629999995E0,2.500000000E0,3.790092468E0,2.500000000E0
2.501462633E2,6.224020619E1,2.571890365E1,1.111133962E2,1.620000005E0,6.000000238E-1,3.790092468E0,2.500000000E0
2.511460015E2,6.224021860E1,2.571890357E1,1.108182378E2,1.580000043E0,3.700000048E0,3.790092468E0,2.500000000E0
2.521462460E2,6.224023158E1,2.571890496E1,1.107442711E2,1.580000043E0,5.699999809E0,3.790092468E0,2.500000000E0
2.531460155E2,6.224024524E1,2.571890471E1,1.104705978E2,1.519999981E0,4.199999809E0,3.790092468E0,2.500000000E0
2.541459540E2,6.224025901E1,2.571890937E1,1.101167246E2,1.580000043E0,5.500000000E0,3.790092468E0,2.500000000E0
2.551461637E2,6.224027439E1,2.571891043E1,1.100634504E2,1.580000043E0,2.900000095E0,3.790092468E0,2.500000000E0
2.561457770E2,6.224028919E1,2.571890749E1,1.100581491E2,1.549999952E0,3.590000000E2,3.790092468E0,2.500000000E0
2.571456499E2,6.224030433E1,2.571890604E1,1.098751138E2,1.559999943E0,3.580000000E2,3.790092468E0,2.500000000E0
2.581456617E2,6.224031920E1,2.571889942E1,1.100335086E2,1.519999981E0,3.457999878E2,3.790092468E0,2.500000000E0
2.591459173E2,6.224033395E1,2.571889104E1,1.102692958E2,1.549999952E0,3.452999878E2,3.790092468E0,2.500000000E0
2.601455442E2,6.224034871E1,2.571888321E1,1.099517994E2,1.620000005E0,3.463999939E2,3.790092468E0,2.500000000E0
2.611457787E2,6.224036245E1,2.571887439E1,1.095164434E2,1.539999962E0,3.431000061E2,3.790092468E0,2.500000000E0
2.621462540E2,6.224037464E1,2.571886039E1,1.093597115E2,1.570000052E0,3.346000061E2,3.790092468E0,2.500000000E0
2.631455613E2,6.224038485E1,2.571884014E1,1.094202632E2,1.399999976E0,3.236000061E2,3.790092468E0,2.500000000E0
2.641456808E2,6.224039607E1,2.571881707E1,1.094631152E2,1.559999943E0,3.221000061E2,3.790092468E0,2.500000000E0
2.651460073E2,6.224040857E1,2.571879643E1,1.095205554E2,1.600000024E0,3.306000061E2,3.790092468E0,2.500000000E0
2.661460074E2,6.224042152E1,2.571878125E1,1.095082942E2,1.570000052E0,3.352000122E2,3.790092468E0,2.500000000E0
2.671454474E2,6.224043377E1,2.571876880E1,1.093404541E2,1.500000000E0,3.340000000E2,3.790092468E0,2.500000000E0
2.681455282E2,6.224044567E1,2.571876060E1,1.095788031E2,1.509999990E0,3.382000122E2,3.790092468E0,2.500000000E0
2.691456470E2,6.224045868E1,2.571875257E1,1.095178974E2,1.559999943E0,3.452000122E2,3.790092468E0,2.500000000E0
2.701456625E2,6.224047270E1,2.571875094E1,1.094065166E2,1.509999990E0,3.565000000E2,3.790092468E0,2.500000000E0
2.711461565E2,6.224048664E1,2.571875224E1,1.092004095E2,1.500000000E0,3.557000122E2,3.790092468E0,2.500000000E0
2.721458181E2,6.224050110E1,2.571875410E1,1.088722323E2,1.570000052E0,3.577000122E2,3.790092468E0,2.500000000E0
2.731460417E2,6.224051482E1,2.571875101E1,1.089107537E2,1.440000057E0,3.532000122E2,3.790092468E0,2.500000000E0
2.741459295E2,6.224052912E1,2.571874608E1,1.089592239E2,1.590000033E0,3.487000122E2,3.790092468E0,2.500000000E0
2.751457760E2,6.224054234E1,2.571873566E1,1.089036893E2,1.529999971E0,3.406000061E2,3.790092468E0,2.500000000E0
2.761459297E2,6.224055329E1,2.571871579E1,1.090528035E2,1.570000052E0,3.255000000E2,3.790092468E0,2.500000000E0
2.771456343E2,6.224056163E1,2.571868981E1,1.089448356E2,1.580000043E0,3.140000000E2,3.790092468E0,2.500000000E0
2.781458858E2,6.224057016E1,2.571866082E1,1.089604638E2,1.590000033E0,3.101000061E2,3.790092468E0,2.500000000E0
2.791457473E2,6.224057791E1,2.571863145E1,1.091256276E2,1.559999943E0,3.090000000E2,3.790092468E0,2.500000000E0
2.801456400E2,6.224058646E1,2.571860016E1,1.090423177E2,1.649999976E0,3.077999878E2,3.790092468E0,2.500000000E0
2.811454159E2,6.224059447E1,2.571856990E1,1.091158068E2,1.629999995E0,3.078999939E2,3.790092468E0,2.500000000E0
2.821463302E2,6.224060315E1,2.571853767E1,1.092355608E2,1.730000019E0,3.065000000E2,3.790092468E0,2.500000000E0
2.831456313E2,6.224061219E1,2.571850724E1,1.096539603E2,1.659999967E0,3.102999878E2,3.790092468E0,2.500000000E0
2.841454166E2,6.224062181E1,2.571847830E1,1.099705535E2,1.629999995E0,3.092000122E2,3.790092468E0,2.500000000E0
2.851460352E2,6.224063127E1,2.571844908E1,1.101548834E2,1.669999957E0,3.092000122E2,3.790092468E0,2.500000000E0
2.861456402E2,6.224064050E1,2.571842154E1,1.099674482E2,1.629999995E0,3.107999878E2,3.790092468E0,2.500000000E0
2.871457546E2,6.224064886E1,2.571839106E1,1.102935010E2,1.740000010E0,3.086000061E2,3.790092468E0,2.500000000E0
2.881457414E2,6.224065821E1,2.571836365E1,1.102137318E2,1.620000005E0,3.117000122E2,3.790092468E0,2.608460188E0
2.891457658E2,6.224066663E1,2.571833548E1,1.102864889E2,1.679999948E0,3.073999939E2,3.790092468E0,2.631065845E0
2.901456713E2,6.224067539E1,2.571830801E1,1.102403498E2,1.700000048E0,3.045000000E2,3.790092468E0,2.500000000E0
2.911456065E2,6.224068380E1,2.571828315E1,1.099902311E2,1.629999995E0,3.055000000E2,3.790092468E0,2.500000000E0
2.921459664E2,6.224069379E1,2.571825998E1,1.098983167E2,1.700000048E0,3.097000122E2,3.790092468E0,2.500000000E0
2.931459203E2,6.224070421E1,2.571823555E1,1.097878477E2,1.639999986E0,3.096000061E2,3.790092468E0,2.500000000E0
2.941463783E2,6.224071492E1,2.571821054E1,1.096273301E2,1.629999995E0,3.117999878E2,3.790092468E0,2.500000000E0
2.951461995E2,6.224072562E1,2.571818543E1,1.095275424E2,1.669999957E0,3.121000061E2,3.790092468E0,2.500000000E0
2.961459443E2,6.224073555E1,2.571816043E1,1.093645828E2,1.649999976E0,3.120000000E2,3.790092468E0,2.500000000E0
2.971462315E2,6.224074582E1,2.571813640E1,1.093764893E2,1.669999957E0,3.115000000E2,3.790092468E0,2.500000000E0
2.981455399E2,6.224075569E1,2.571811554E1,1.094356980E2,1.610000014E0,3.123999939E2,3.790092468E0,2.500000000E0
2.991460189E2,6.224076530E1,2.571808951E1,1.092021815E2,1.580000043E0,3.078999939E2,3.790092468E0,2.500000000E0
3.001458533E2,6.224077577E1,2.571806383E1,1.092043834E2,1.779999971E0,3.100000000E2,3.790092468E0,2.500000000E0
3.011459228E2,6.224078661E1,2.571803723E1,1.093993955E2,1.799999952E0,3.097999878E2,3.790092468E0,2.500000000E0
3.021462789E2,6.224079787E1,2.571801110E1,1.095472888E2,1.799999952E0,3.107999878E2,3.790092468E0,2.500000000E0
3.031458286E2,6.224080817E1,2.571798662E1,1.095107333E2,1.710000038E0,3.127000122E2,3.790092468E0,2.500000000E0
3.041454605E2,6.224081793E1,2.571796170E1,1.094629470E2,1.679999948E0,3.112999878E2,3.790092468E0,2.500000000E0
3.051463837E2,6.224082711E1,2.571793773E1,1.094860833E2,1.559999943E0,3.106000061E2,3.790092468E0,2.500000000E0
3.061456046E2,6.224083679E1,2.571791277E1,1.092549473E2,1.600000024E0,3.113999939E2,3.790092468E0,2.500000000E0
3.071455104E2,6.224084701E1,2.571788745E1,1.094448932E2,1.690000057E0,3.117000122E2,3.790092468E0,2.500000000E0
3.081460097E2,6.224085748E1,2.571786130E1,1.097635013E2,1.710000038E0,3.121000061E2,3.790092468E0,2.500000000E0
3.091456540E2,6.224086853E1,2.571783257E1,1.097943288E2,1.710000038E0,3.122999878E2,3.790092468E0,2.500000000E0
3.101455340E2,6.224087973E1,2.571780504E1,1.098308938E2,1.659999967E0,3.127999878E2,3.790092468E0,2.500000000E0
3.111463628E2,6.224088984E1,2.571777797E1,1.097461813E2,1.730000019E0,3.107000122E2,3.790092468E0,2.500000000E0
3.121455585E2,6.224090106E1,2.571775387E1,1.096917431E2,1.700000048E0,3.137999878E2,3.790092468E0,2.500000000E0
3.131458898E2,6.224091189E1,2.571773190E1,1.095997072E2,1.679999948E0,3.137000122E2,3.790092468E0,2.500000000E0
3.141455631E2,6.224092223E1,2.571770834E1,1.099178271E2,1.679999948E0,3.138999939E2,3.790092468E0,2.500000000E0
3.151455385E2,6.224093266E1,2.571768215E1,1.098573458E2,1.679999948E0,3.111000061E2,3.790092468E0,2.500000000E0
3.161455497E2,6.224094225E1,2.571765692E1,1.098378797E2,1.659999967E0,3.076000061E2,3.790092468E0,2.500000000E0
3.171455520E2,6.224095314E1,2.571763398E1,1.098065738E2,1.639999986E0,3.132000122E2,3.790092468E0,2.500000000E0
3.181455562E2,6.224096310E1,2.571760957E1,1.094260239E2,1.679999948E0,3.087000122E2,3.790092468E0,2.500000000E0
3.191455462E2,6.224097346E1,2.571758367E1,1.093085968E2,1.710000038E0,3.102999878E2,3.790092468E0,2.500000000E0
3.201462846E2,6.224098337E1,2.571755667E1,1.092841259E2,1.730000019E0,3.095000000E2,3.790092468E0,2.500000000E0
3.211463253E2,6.224099216E1,2.571753368E1,1.093573719E2,1.610000014E0,3.111000061E2,3.790092468E0,2.500000000E0
3.221464121E2,6.224100217E1,2.571751300E1,1.091739659E2,1.639999986E0,3.131000061E2,3.790092468E0,2.500000000E0
3.231455519E2,6.224101198E1,2.571749024E1,1.091372272E2,1.610000014E0,3.073999939E2,3.790092468E0,2.500000000E0
3.241458756E2,6.224102309E1,2.571746589E1,1.091146493E2,1.649999976E0,3.123999939E2,3.790092468E0,2.500000000E0
3.251461363E2,6.224103371E1,2.571744163E1,1.094197688E2,1.669999957E0,3.125000000E2,3.790092468E0,2.500000000E0
3.261461430E2,6.224104473E1,2.571741728E1,1.094084824E2,1.740000010E0,3.131000061E2,3.790092468E0,2.500000000E0
3.271455561E2,6.224105499E1,2.571739124E1,1.094174590E2,1.639999986E0,3.122000122E2,3.790092468E0,2.678817749E0
3.281461408E2,6.224106508E1,2.571736694E1,1.093306715E2,1.639999986E0,3.125000000E2,3.790092468E0,2.677298307E0
3.291455030E2,6.224107590E1,2.571734159E1,1.093929932E2,1.720000029E0,3.110000000E2,3.790092468E0,2.575330019E0
3.301463054E2,6.224108536E1,2.571731508E1,1.092969278E2,1.519999981E0,3.137000122E2,3.790092468E0,2.520368338E0
3.311461741E2,6.224109698E1,2.571728620E1,1.092708709E2,1.700000048E0,3.166000061E2,3.790092468E0,2.507808208E0
3.321460121E2,6.224110828E1,2.571726264E1,1.092704489E2,1.639999986E0,3.167999878E2,3.790092468E0,2.500000000E0
3.331459350E2,6.224111856E1,2.571723874E1,1.092224799E2,1.649999976E0,3.133999939E2,3.790092468E0,2.604594946E0
3.341456449E2,6.224113017E1,2.571721193E1,1.094762693E2,1.710000038E0,3.166000061E2,3.790092468E0,2.582515478E0
3.351456439E2,6.224114094E1,2.571718465E1,1.095215621E2,1.750000000E0,3.123999939E2,3.790092468E0,2.561810493E0
3.361460458E2,6.224115035E1,2.571715805E1,1.098553063E2,1.730000019E0,3.083999939E2,3.790092468E0,2.725246191E0
3.371461641E2,6.224116119E1,2.571713416E1,1.100427502E2,1.779999971E0,3.118999939E2,3.790092468E0,2.524110317E0
3.381455176E2,6.224117216E1,2.571711068E1,1.095018617E2,1.730000019E0,3.100000000E2,3.790092468E0,2.500000000E0
3.391456384E2,6.224118331E1,2.571708828E1,1.091659905E2,1.809999943E0,3.137000122E2,3.790092468E0,2.500000000E0
3.401460530E2,6.224119360E1,2.571706639E1,1.089453532E2,1.620000005E0,3.148999939E2,3.790092468E0,2.500000000E0
3.411460345E2,6.224120430E1,2.571704146E1,1.090331876E2,1.679999948E0,3.132999878E2,3.790092468E0,2.500000000E0
3.421457957E2,6.224121423E1,2.571701450E1,1.087645761E2,1.730000019E0,3.112999878E2,3.790092468E0,2.500000000E0
3.431456366E2,6.224122416E1,2.571699034E1,1.090086600E2,1.720000029E0,3.148999939E2,3.790092468E0,2.500000000E0
3.441455181E2,6.224123597E1,2.571696700E1,1.092330309E2,1.779999971E0,3.146000061E2,3.790092468E0,2.500000000E0
3.451460651E2,6.224124761E1,2.571694254E1,1.089415324E2,1.779999971E0,3.112999878E2,3.790092468E0,2.500000000E0
3.461459322E2,6.224125925E1,2.571691591E1,1.089306124E2,1.799999952E0,3.100000000E2,3.790092468E0,2.500000000E0
3.471457951E2,6.224126943E1,2.571689319E1,1.089741961E2,1.570000052E0,3.097999878E2,3.790092468E0,2.500000000E0
3.481456338E2,6.224128060E1,2.571686873E1,1.091125679E2,1.710000038E0,3.135000000E2,3.790092468E0,2.546174526E0
3.491463275E2,6.224129269E1,2.571684328E1,1.090725955E2,1.720000029E0,3.126000061E2,3.790092468E0,2.500000000E0
3.501456337E2,6.224130516E1,2.571681305E1,1.091080625E2,1.769999981E0,3.133999939E2,3.790092468E0,2.500000000E0
3.511458400E2,6.224131712E1,2.571678147E1,1.094598742E2,1.830000043E0,3.153999939E2,3.790092468E0,2.500000000E0
3.521458537E2,6.224132760E1,2.571675415E1,1.097140291E2,1.759999990E0,3.126000061E2,3.790092468E0,2.500000000E0
3.531459542E2,6.224133850E1,2.571672504E1,1.095491778E2,1.809999943E0,3.117000122E2,3.790092468E0,2.500000000E0
3.541458024E2,6.224134954E1,2.571669341E1,1.094360843E2,1.860000014E0,3.090000000E2,3.790092468E0,2.500000000E0
3.551456288E2,6.224136025E1,2.571666547E1,1.091602100E2,1.799999952E0,3.105000000E2,3.790092468E0,2.500000000E0
3.561456452E2,6.224137104E1,2.571663681E1,1.092788059E2,1.870000005E0,3.107000122E2,3.790092468E0,2.500000000E0
3.571455185E2,6.224138378E1,2.571661144E1,1.093103060E2,1.850000024E0,3.153999939E2,3.790092468E0,2.500000000E0
3.581455248E2,6.224139686E1,2.571658520E1,1.092066745E2,1.830000043E0,3.113999939E2,3.790092468E0,2.500000000E0
3.591456313E2,6.224140881E1,2.571655935E1,1.092051542E2,1.809999943E0,3.106000061E2,3.790092468E0,2.500000000E0
3.601459453E2,6.224142140E1,2.571653469E1,1.091805019E2,1.820000052E0,3.123999939E2,3.790092468E0,2.500000000E0
3.611460194E2,6.224143296E1,2.571651006E1,1.089233051E2,1.809999943E0,3.113999939E2,3.790092468E0,2.500000000E0
3.621461090E2,6.224144409E1,2.571648663E1,1.087203074E2,1.750000000E0,3.115000000E2,3.790092468E0,2.500000000E0
3.631454730E2,6.224145470E1,2.571646471E1,1.085087035E2,1.649999976E0,3.121000061E2,3.790092468E0,2.500000000E0
3.641458929E2,6.224146674E1,2.571643683E1,1.081413383E2,1.889999986E0,3.128999939E2,3.790092468E0,2.500000000E0
3.651455439E2,6.224147794E1,2.571641177E1,1.080193952E2,1.779999971E0,3.155000000E2,3.790092468E0,2.500000000E0
3.661455237E2,6.224148877E1,2.571638331E1,1.077475492E2,1.820000052E0,3.121000061E2,3.790092468E0,2.500000000E0
3.671458795E2,6.224149901E1,2.571635418E1,1.076782175E2,1.830000043E0,3.118999939E2,3.790092468E0,2.500000000E0
3.681460278E2,6.224150925E1,2.571632696E1,1.075634148E2,1.850000024E0,3.113999939E2,3.790092468E0,2.500000000E0
3.691463022E2,6.224151905E1,2.571629726E1,1.076066926E2,1.879999995E0,3.102999878E2,3.790092468E0,2.500000000E0
3.701463118E2,6.224152921E1,2.571626798E1,1.075023267E2,1.850000024E0,3.111000061E2,3.790092468E0,2.500000000E0
3.711462908E2,6.224154041E1,2.571623704E1,1.077633788E2,2.000000000E0,3.122000122E2,3.790092468E0,2.500000000E0
3.721461560E2,6.224155224E1,2.571621103E1,1.079043144E2,1.860000014E0,3.137000122E2,3.790092468E0,2.500000000E0
3.731458833E2,6.224156236E1,2.571618375E1,1.077933568E2,1.799999952E0,3.117000122E2,3.790092468E0,2.500000000E0
3.741458675E2,6.224157317E1,2.571615603E1,1.078703878E2,1.879999995E0,3.127000122E2,3.790092468E0,2.500000000E0
3.751459306E2,6.224158431E1,2.571612957E1,1.078721018E2,1.850000024E0,3.120000000E2,3.790092468E0,2.500000000E0
3.761462510E2,6.224159691E1,2.571610411E1,1.079635994E2,1.870000005E0,3.147999878E2,3.790092468E0,2.500000000E0
3.771455078E2,6.224160816E1,2.571607890E1,1.080588804E2,1.820000052E0,3.133999939E2,3.790092468E0,2.500000000E0
3.781455169E2,6.224161973E1,2.571605037E1,1.079836902E2,1.909999967E0,3.121000061E2,3.790092468E0,2.500000000E0
3.791458036E2,6.224163144E1,2.571602191E1,1.079512858E2,1.850000024E0,3.133999939E2,3.790092468E0,2.500000000E0
3.801457726E2,6.224164281E1,2.571599813E1,1.080718965E2,1.799999952E0,3.157999878E2,3.790092468E0,2.500000000E0
3.811456665E2,6.224165252E1,2.571597168E1,1.075209363E2,1.840000033E0,3.080000000E2,3.790092468E0,2.500000000E0
3.821455246E2,6.224166381E1,2.571594334E1,1.073316102E2,1.950000048E0,3.122000122E2,3.790092468E0,2.500000000E0
3.831457854E2,6.224167568E1,2.571591722E1,1.074413568E2,1.870000005E0,3.122000122E2,3.790092468E0,2.500000000E0
3.841455566E2,6.224168755E1,2.571589189E1,1.074468555E2,1.870000005E0,3.117999878E2,3.790092468E0,2.500000000E0
3.851462558E2,6.224169960E1,2.571586327E1,1.072365948E2,1.960000038E0,3.117000122E2,3.790092468E0,2.500000000E0
3.861460140E2,6.224171121E1,2.571583522E1,1.069284945E2,1.889999986E0,3.103999939E2,3.790092468E0,2.500000000E0
3.871454709E2,6.224172412E1,2.571580650E1,1.065729706E2,1.909999967E0,3.137999878E2,3.790092468E0,2.500000000E0
3.881463948E2,6.224173661E1,2.571577782E1,1.064325954E2,1.980000019E0,3.106000061E2,3.790092468E0,2.500000000E0
3.891461795E2,6.224174824E1,2.571575079E1,1.061490313E2,1.889999986E0,3.116000061E2,3.790092468E0,2.500000000E0
3.901460329E2,6.224176031E1,2.571571991E1,1.060776254E2,1.980000019E0,3.101000061E2,3.790092468E0,2.500000000E0
3.911463624E2,6.224177355E1,2.571569101E1,1.058347726E2,1.940000057E0,3.132000122E2,3.790092468E0,2.500000000E0
3.921460988E2,6.224178540E1,2.571566289E1,1.057220460E2,1.879999995E0,3.127999878E2,3.790092468E0,2.500000000E0
3.931456073E2,6.224179762E1,2.571563219E1,1.056936700E2,1.919999957E0,3.091000061E2,3.790092468E0,2.500000000E0
3.941454306E2,6.224181019E1,2.571560358E1,1.053831898E2,1.809999943E0,3.083999939E2,3.790092468E0,2.500000000E0
3.951459356E2,6.224182204E1,2.571557573E1,1.054709637E2,1.799999952E0,3.127999878E2,3.790092468E0,2.500000000E0
3.961460706E2,6.224183459E1,2.571554453E1,1.057715674E2,1.909999967E0,3.126000061E2,3.790092468E0,2.500000000E0
3.971461585E2,6.224184749E1,2.571551605E1,1.064696934E2,1.850000024E0,3.187000122E2,3.790092468E0,2.500000000E0
3.981454554E2,6.224185810E1,2.571548887E1,1.064353962E2,1.820000052E0,3.095000000E2,3.790092468E0,2.500000000E0
3.991463436E2,6.224186838E1,2.571546041E1,1.064859377E2,1.850000024E0,3.091000061E2,3.790092468E0,2.500000000E0
4.001463800E2,6.224187864E1,2.571543402E1,1.062855027E2,1.809999943E0,3.105000000E2,3.790092468E0,2.500000000E0
4.011454938E2,6.224188845E1,2.571540498E1,1.062442469E2,1.830000043E0,3.080000000E2,3.790092468E0,2.500000000E0
4.021456636E2,6.224189940E1,2.571537459E1,1.061038706E2,1.919999957E0,3.115000000E2,3.790092468E0,2.500000000E0
4.031462942E2,6.224191133E1,2.571534638E1,1.062970523E2,1.879999995E0,3.130000000E2,3.790092468E0,2.535965204E0
4.041457929E2,6.224192214E1,2.571531794E1,1.062311389E2,1.809999943E0,3.125000000E2,3.790092468E0,2.731639385E0
4.051456537E2,6.224193376E1,2.571528861E1,1.059905434E2,1.909999967E0,3.097000122E2,3.790092468E0,2.695156097E0
4.061461003E2,6.224194432E1,2.571526010E1,1.054989708E2,1.840000033E0,3.080000000E2,3.790092468E0,2.580887794E0
4.071459023E2,6.224195629E1,2.571523465E1,1.053926531E2,1.870000005E0,3.112000122E2,3.790092468E0,2.782299280E0
4.081463576E2,6.224196710E1,2.571520911E1,1.051857488E2,1.879999995E0,3.092000122E2,3.790092468E0,2.776712894E0
4.091463134E2,6.224197793E1,2.571518345E1,1.048896110E2,1.750000000E0,3.097999878E2,3.790092468E0,2.619520426E0
4.101459968E2,6.224198865E1,2.571515633E1,1.046032998E2,1.860000014E0,3.078999939E2,3.790092468E0,2.500000000E0
4.111459361E2,6.224200044E1,2.571512775E1,1.044477875E2,1.970000029E0,3.127999878E2,3.790092468E0,2.500000000E0
4.121463260E2,6.224201243E1,2.571510046E1,1.040723046E2,1.820000052E0,3.143999939E2,3.790092468E0,2.547033548E0
4.131459480E2,6.224202220E1,2.571507248E1,1.038915225E2,1.750000000E0,3.077999878E2,3.790092468E0,2.500000000E0
4.141456709E2,6.224203271E1,2.571504407E1,1.039307726E2,1.779999971E0,3.118999939E2,3.790092468E0,2.500000000E0
4.151459652E2,6.224204228E1,2.571501593E1,1.037679958E2,1.799999952E0,3.106000061E2,3.790092468E0,2.500000000E0
4.161459273E2,6.224205213E1,2.571499082E1,1.038025459E2,1.789999962E0,3.110000000E2,3.790092468E0,2.659127951E0
4.171454915E2,6.224206110E1,2.571496350E1,1.034213850E2,1.830000043E0,3.028999939E2,3.790092468E0,2.523411751E0
4.181456677E2,6.224207021E1,2.571493655E1,1.031378194E2,1.799999952E0,3.052000122E2,3.790092468E0,2.570290327E0
4.191459210E2,6.224207890E1,2.571490927E1,1.026759698E2,1.730000019E0,3.042000122E2,3.790092468E0,2.500000000E0
4.201461476E2,6.224208816E1,2.571488517E1,1.024150485E2,1.659999967E0,3.077999878E2,3.790092468E0,2.500000000E0
4.211461137E2,6.224209717E1,2.571485874E1,1.019389169E2,1.600000024E0,3.055000000E2,3.790092468E0,2.500000000E0
4.221461542E2,6.224210655E1,2.571483013E1,1.012878587E2,1.730000019E0,3.033999939E2,3.790092468E0,2.500000000E0
4.231461716E2,6.224211576E1,2.571480101E1,1.010122886E2,1.759999990E0,3.030000000E2,3.790092468E0,2.500000000E0
4.241458479E2,6.224212662E1,2.571477108E1,1.012988532E2,1.830000043E0,3.050000000E2,3.790092468E0,2.500000000E0
4.251455042E2,6.224213746E1,2.571474165E1,1.013550102E2,1.860000014E0,3.063999939E2,3.790092468E0,2.500000000E0
4.261454903E2,6.224214906E1,2.571471213E1,1.014198956E2,1.889999986E0,3.072999878E2,3.790092468E0,2.500000000E0
4.271456680E2,6.224215908E1,2.571468366E1,1.016764916E2,1.820000052E0,3.077999878E2,3.790092468E0,2.500000000E0
4.281458116E2,6.224216808E1,2.571465170E1,1.015343440E2,1.830000043E0,3.028999939E2,3.790092468E0,2.500000000E0
4.291463082E2,6.224217674E1,2.571461695E1,1.015494836E2,1.940000057E0,3.002000122E2,3.790092468E0,2.500000000E0
4.301461386E2,6.224218613E1,2.571458589E1,1.015383178E2,1.929999948E0,3.025000000E2,3.790092468E0,2.500000000E0
4.311460525E2,6.224219510E1,2.571455626E1,1.015290439E2,1.899999976E0,3.035000000E2,3.790092468E0,2.500000000E0
4.321461703E2,6.224220349E1,2.571452506E1,1.016003970E2,1.870000005E0,2.993999939E2,3.790092468E0,2.500000000E0
4.331464216E2,6.224221192E1,2.571449098E1,1.012688568E2,1.889999986E0,2.985000000E2,3.790092468E0,2.500000000E0
4.341463064E2,6.224222047E1,2.571446048E1,1.011803590E2,1.779999971E0,2.992999878E2,3.790092468E0,2.500000000E0
4.351456370E2,6.224222976E1,2.571442768E1,1.009577672E2,1.870000005E0,2.992000122E2,3.790092468E0,2.500000000E0
4.361463217E2,6.224223932E1,2.571439695E1,1.007174755E2,1.919999957E0,2.998999939E2,3.790092468E0,2.500000000E0
4.371460348E2,6.224224851E1,2.571436577E1,1.007036240E2,1.950000048E0,2.997000122E2,3.790092468E0,2.500000000E0
4.381458102E2,6.224225751E1,2.571433544E1,1.009387959E2,1.950000048E0,2.996000061E2,3.790092468E0,2.500000000E0
4.391463843E2,6.224226669E1,2.571430200E1,1.007442802E2,1.960000038E0,2.978999939E2,3.790092468E0,2.500000000E0
4.401455049E2,6.224227530E1,2.571426841E1,1.004910483E2,1.970000029E0,3.033999939E2,3.790092468E0,2.500000000E0
4.411455087E2,6.224228418E1,2.571423306E1,1.004392324E2,1.919999957E0,3.026000061E2,3.790092468E0,2.500000000E0
4.421456639E2,6.224229273E1,2.571419797E1,1.003685566E2,1.980000019E0,2.997999878E2,3.790092468E0,2.500000000E0
4.431459377E2,6.224230238E1,2.571416366E1,1.002962945E2,1.990000010E0,3.008999939E2,3.790092468E0,2.500000000E0
4.441459130E2,6.224231069E1,2.571412617E1,1.004134235E2,1.960000038E0,3.000000000E2,3.790092468E0,2.500000000E0
4.451460213E2,6.224231900E1,2.571409078E1,1.005823104E2,1.960000038E0,2.990000000E2,3.790092468E0,2.500000000E0
4.461458929E2,6.224232667E1,2.571405836E1,1.005533212E2,1.860000014E0,2.971000061E2,3.790092468E0,2.500000000E0
4.471461662E2,6.224233503E1,2.571402755E1,1.005071205E2,1.889999986E0,2.980000000E2,3.790092468E0,2.500000000E0
4.481461475E2,6.224234399E1,2.571399664E1,1.004889965E2,1.950000048E0,3.001000061E2,3.790092468E0,2.500000000E0
4.491455113E2,6.224235169E1,2.571396750E1,1.007220314E2,1.929999948E0,2.987000122E2,3.790092468E0,2.500000000E0
4.501454529E2,6.224235931E1,2.571393528E1,1.007925295E2,1.980000019E0,2.983999939E2,3.790092468E0,2.500000000E0
4.511458871E2,6.224236691E1,2.571390194E1,1.007649439E2,1.950000048E0,2.967999878E2,3.790092468E0,2.500000000E0
4.521458937E2,6.224237417E1,2.571386898E1,1.011154710E2,1.860000014E0,2.938999939E2,3.790092468E0,2.500000000E0
4.531458488E2,6.224238204E1,2.571383521E1,1.009182689E2,1.850000024E0,2.957000122E2,3.790092468E0,2.500000000E0
4.541458976E2,6.224238892E1,2.571380153E1,1.007257049E2,1.850000024E0,2.911000061E2,3.790092468E0,2.500000000E0
4.551461483E2,6.224239532E1,2.571376812E1,1.008692002E2,1.889999986E0,2.913999939E2,3.790092468E0,2.500000000E0
4.561459539E2,6.224240146E1,2.571373531E1,1.011291504E2,1.929999948E0,2.930000000E2,3.790092468E0,2.500000000E0
4.571463136E2,6.224240746E1,2.571370371E1,1.012164933E2,1.870000005E0,2.932999878E2,3.790092468E0,2.500000000E0
4.581461453E2,6.224241218E1,2.571367080E1,1.013217185E2,1.929999948E0,2.897000122E2,3.790092468E0,2.500000000E0
4.591461748E2,6.224241750E1,2.571363913E1,1.016222567E2,1.899999976E0,2.915000000E2,3.790092468E0,2.500000000E0
4.601455072E2,6.224242274E1,2.571360767E1,1.018479047E2,1.889999986E0,2.907000122E2,3.790092468E0,2.500000000E0
4.611455053E2,6.224242967E1,2.571357553E1,1.016508243E2,1.960000038E0,2.948999939E2,3.790092468E0,2.500000000E0
4.621456206E2,6.224243573E1,2.571354293E1,1.017426226E2,1.929999948E0,2.912999878E2,3.790092468E0,2.500000000E0
4.631460557E2,6.224244001E1,2.571350873E1,1.015186239E2,1.889999986E0,2.872000122E2,3.790092468E0,2.500000000E0
4.641457789E2,6.224244383E1,2.571347451E1,1.013881307E2,1.860000014E0,2.858999939E2,3.790092468E0,2.500000000E0
4.651464147E2,6.224244807E1,2.571343818E1,1.014832236E2,1.889999986E0,2.851000061E2,3.790092468E0,2.588335276E0
4.661456441E2,6.224245364E1,2.571340288E1,1.013665864E2,1.889999986E0,2.872999878E2,3.790092468E0,2.689045668E0
4.671460001E2,6.224245741E1,2.571336742E1,1.014201141E2,1.940000057E0,2.837999878E2,3.790092468E0,2.891532660E0
4.681458060E2,6.224246024E1,2.571333151E1,1.016185387E2,1.879999995E0,2.808999939E2,3.790092468E0,2.915782213E0
4.691459512E2,6.224246241E1,2.571329444E1,1.017458568E2,1.850000024E0,2.788999939E2,3.790092468E0,3.285627604E0
4.701456364E2,6.224246382E1,2.571325461E1,1.019300591E2,1.929999948E0,2.788999939E2,3.790092468E0,3.150177240E0
4.711456728E2,6.224246394E1,2.571321654E1,1.016297026E2,1.879999995E0,2.768999939E2,3.790092468E0,2.929496050E0
4.721458813E2,6.224246376E1,2.571317981E1,1.013198245E2,1.850000024E0,2.752000122E2,3.790092468E0,3.042028189E0
4.731458888E2,6.224246537E1,2.571314448E1,1.008690174E2,1.889999986E0,2.736000061E2,3.790092468E0,3.076001644E0
4.741462776E2,6.224246691E1,2.571310845E1,1.008813450E2,1.909999967E0,2.753999939E2,3.790092468E0,3.166321039E0
4.751458789E2,6.224246814E1,2.571307228E1,1.006503862E2,1.840000033E0,2.752000122E2,3.790092468E0,3.310972929E0
4.761460783E2,6.224247157E1,2.571303456E1,1.003065747E2,1.929999948E0,2.785000000E2,3.790092468E0,3.133158684E0
4.771456739E2,6.224247490E1,2.571299785E1,9.997551958E1,1.929999948E0,2.778999939E2,3.790092468E0,2.864931107E0
4.781458035E2,6.224247793E1,2.571296187E1,1.000064638E2,1.879999995E0,2.791000061E2,3.790092468E0,3.057999134E0
4.791464059E2,6.224248002E1,2.571292258E1,1.000206836E2,1.909999967E0,2.816000061E2,3.790092468E0,3.016564608E0
4.801461583E2,6.224248124E1,2.571288148E1,9.968053263E1,1.950000048E0,2.802000122E2,3.790092468E0,3.016318083E0
4.811454999E2,6.224248315E1,2.571284181E1,9.938756234E1,1.960000038E0,2.773999939E2,3.790092468E0,3.229750395E0
4.821454586E2,6.224248437E1,2.571280626E1,9.900425989E1,1.710000038E0,2.762000122E2,3.790092468E0,3.402304888E0
4.831456710E2,6.224248779E1,2.571276856E1,9.901713783E1,1.889999986E0,2.792999878E2,3.790092468E0,3.599701881E0
4.841458522E2,6.224249167E1,2.571273159E1,9.892747704E1,1.899999976E0,2.811000061E2,3.790092468E0,3.893004179E0
4.851458527E2,6.224249366E1,2.571269466E1,9.862559586E1,1.639999986E0,2.803999939E2,3.790092468E0,3.885784864E0
4.861456623E2,6.224249684E1,2.571265382E1,9.874278252E1,1.860000014E0,2.850000000E2,3.790092468E0,3.655476809E0
4.871457843E2,6.224249989E1,2.571261396E1,9.884007171E1,1.860000014E0,2.826000061E2,3.790092468E0,2.897650480E0
4.881459946E2,6.224250298E1,2.571257439E1,9.917710704E1,1.909999967E0,2.840000000E2,3.790092468E0,2.930720091E0
4.891454193E2,6.224250390E1,2.571253702E1,9.912614070E1,1.710000038E0,2.787999878E2,3.790092468E0,3.125359535E0
4.901463513E2,6.224250709E1,2.571249965E1,9.887443112E1,1.860000014E0,2.818999939E2,3.790092468E0,2.926087379E0
4.911455014E2,6.224251067E1,2.571246217E1,9.878440390E1,1.909999967E0,2.831000061E2,3.790092468E0,3.045456171E0
4.921457162E2,6.224251484E1,2.571242585E1,9.865592498E1,1.889999986E0,2.851000061E2,3.790092468E0,2.958621502E0
4.931458717E2,6.224252024E1,2.571239281E1,9.886326245E1,1.789999962E0,2.930000000E2,3.790092468E0,3.043030024E0
4.941461888E2,6.224252863E1,2.571236667E1,9.911442546E1,1.679999948E0,3.092000122E2,3.790092468E0,2.532805681E0
4.951458345E2,6.224254399E1,2.571236211E1,9.955590180E1,1.809999943E0,3.402999878E2,3.790092468E0,2.500000000E0
4.961463393E2,6.224256476E1,2.571237563E1,1.001798168E2,2.000000000E0,8.100000381E0,3.790092468E0,2.500000000E0
4.971461610E2,6.224258323E1,2.571239278E1,1.003338819E2,1.809999943E0,1.380000019E1,3.790092468E0,2.500000000E0
4.981454485E2,6.224260084E1,2.571241277E1,1.001725171E2,1.909999967E0,2.329999924E1,3.790092468E0,2.500000000E0
4.991456672E2,6.224261989E1,2.571241952E1,1.002000560E2,1.970000029E0,4.699999809E0,3.790092468E0,2.567864180E0
5.001459439E2,6.224263554E1,2.571245175E1,1.005183661E2,2.319999933E0,4.359999847E1,3.790092468E0,3.151523113E0
5.011460634E2,6.224265260E1,2.571246602E1,1.013463804E2,1.950000048E0,2.200000000E1,3.790092468E0,3.723736525E0
5.021461282E2,6.224266753E1,2.571248517E1,1.023694621E2,1.860000014E0,3.590000153E1,3.790092468E0,4.221757412E0
5.031463855E2,6.224267720E1,2.571251911E1,1.028947388E2,2.059999943E0,6.450000000E1,3.790092468E0,4.923652649E0
5.041468631E2,6.224268704E1,2.571254746E1,1.034309406E2,1.710000038E0,5.640000153E1,3.916652679E0,5.557194233E0
5.051467956E2,6.224269821E1,2.571257253E1,1.032205609E2,1.789999962E0,5.800000000E1,4.156435013E0,6.376345634E0
5.061472552E2,6.224270908E1,2.571259774E1,1.033243290E2,1.789999962E0,6.009999847E1,4.390150070E0,7.216822147E0
5.071469248E2,6.224272042E1,2.571262185E1,1.034079558E2,1.779999971E0,5.950000000E1,4.702353477E0,8.022349358E0
5.081468117E2,6.224273081E1,2.571264870E1,1.035131275E2,1.649999976E0,6.600000000E1,4.850707054E0,8.419044495E0
5.091468649E2,6.224275674E1,2.571266056E1,1.023407198E2,2.549999952E0,1.989999962E1,4.919678211E0,8.683162689E0
5.101473962E2,6.224277790E1,2.571265763E1,1.024427223E2,2.009999990E0,3.552999878E2,5.320560455E0,9.151504517E0
5.111465968E2,6.224279578E1,2.571266473E1,1.030259246E2,1.909999967E0,1.210000038E1,5.605977535E0,9.740540504E0
5.121465600E2,6.224281387E1,2.571266578E1,1.037036700E2,1.830000043E0,1.219999981E1,5.553259850E0,1.010179710E1
5.131466267E2,6.224283304E1,2.571265863E1,1.033534005E2,1.789999962E0,1.480000019E1,5.230300426E0,9.437039375E0
5.141473766E2,6.224285604E1,2.571264339E1,1.006866044E2,1.830000043E0,1.350000000E1,4.856927395E0,7.899291992E0
5.151473771E2,6.224287798E1,2.571263431E1,9.914163424E1,1.799999952E0,1.180000019E1,4.638189316E0,6.726725578E0
5.161468476E2,6.224289959E1,2.571263171E1,9.852622977E1,1.779999971E0,7.099999905E0,4.543437004E0,6.118893623E0
5.171473562E2,6.224292068E1,2.571262743E1,9.917437466E1,1.750000000E0,2.799999952E0,4.456072330E0,5.720591545E0
5.181468084E2,6.224294133E1,2.571262210E1,9.907880584E1,1.779999971E0,3.573999939E2,4.452200413E0,5.633190632E0
5.191464608E2,6.224296282E1,2.571261619E1,9.965480731E1,1.750000000E0,3.542999878E2,4.233809471E0,5.209998131E0
5.201466403E2,6.224298381E1,2.571260891E1,1.001683084E2,1.740000010E0,3.493999939E2,3.931294680E0,4.658337116E0
5.211468216E2,6.224300314E1,2.571259384E1,1.008027796E2,1.779999971E0,3.431000061E2,3.790092468E0,4.150881767E0
5.221469344E2,6.224302274E1,2.571258035E1,1.018236647E2,1.730000019E0,3.462000122E2,3.790092468E0,4.133181572E0
5.231465121E2,6.224303674E1,2.571256512E1,1.024592923E2,1.669999957E0,3.458999939E2,3.790092468E0,3.634947777E0
5.241468138E2,6.224305291E1,2.571254702E1,1.034962882E2,1.759999990E0,3.410000000E2,3.790092468E0,3.552032232E0
5.251466521E2,6.224306699E1,2.571252563E1,1.033586611E2,1.759999990E0,3.362999878E2,3.790092468E0,3.439365387E0
5.261464763E2,6.224308070E1,2.571251086E1,1.030436660E2,1.759999990E0,3.396000061E2,3.790092468E0,3.610728979E0
5.271469074E2,6.224309502E1,2.571249625E1,1.023028901E2,1.799999952E0,3.406000061E2,3.790092468E0,3.326583147E0
5.281473606E2,6.224310782E1,2.571248645E1,1.021982219E2,1.830000043E0,3.443999939E2,3.790092468E0,3.376957655E0
5.291466206E2,6.224312033E1,2.571247763E1,1.018699819E2,1.840000033E0,3.452000122E2,3.790092468E0,3.278288603E0
5.301466316E2,6.224313173E1,2.571246924E1,1.034545830E2,1.710000038E0,3.432999878E2,3.790092468E0,2.757065773E0
5.311468844E2,6.224314080E1,2.571246378E1,1.051780989E2,1.480000019E0,3.441000061E2,3.790092468E0,2.500000000E0
5.321465157E2,6.224315035E1,2.571245510E1,1.051224401E2,1.539999962E0,3.437999878E2,3.790092468E0,2.677946091E0
5.331468480E2,6.224315823E1,2.571245063E1,1.066248249E2,1.320000052E0,3.490000000E2,3.790092468E0,2.671948195E0
5.341465151E2,6.224316963E1,2.571244838E1,1.071927639E2,1.639999986E0,3.517000122E2,3.790092468E0,2.918627024E0
5.351469366E2,6.224317917E1,2.571245086E1,1.065030726E2,1.669999957E0,3.596000061E2,3.790092468E0,3.159353733E0
5.361469347E2,6.224318838E1,2.571244245E1,1.063489639E2,1.730000019E0,3.505000000E2,3.790092468E0,3.574982882E0
5.371465792E2,6.224319959E1,2.571242559E1,1.069126292E2,1.769999981E0,3.382999878E2,3.790092468E0,3.804251671E0
5.381464912E2,6.224320472E1,2.571240196E1,1.080915858E2,1.490000010E0,3.188999939E2,3.790092468E0,3.351415157E0
5.391474025E2,6.224320852E1,2.571237607E1,1.091958344E2,1.639999986E0,3.157000122E2,3.790092468E0,3.078763962E0
5.401466039E2,6.224321275E1,2.571234918E1,1.097540627E2,1.659999967E0,3.098999939E2,3.790092468E0,3.287826300E0
5.411471768E2,6.224321558E1,2.571232469E1,1.089849588E2,1.620000005E0,3.167000122E2,3.790092468E0,2.914668798E0
5.421465999E2,6.224321760E1,2.571229781E1,1.080920749E2,1.600000024E0,2.992000122E2,3.790092468E0,3.074447393E0
5.431466518E2,6.224321834E1,2.571227270E1,1.077677328E2,1.570000052E0,2.916000061E2,3.790092468E0,3.335041523E0
5.441470796E2,6.224322227E1,2.571224614E1,1.069032925E2,1.600000024E0,2.948999939E2,3.790092468E0,3.654102802E0
5.451465376E2,6.224322803E1,2.571222015E1,1.062798201E2,1.570000052E0,2.878999939E2,3.790092468E0,4.000568867E0
5.461469476E2,6.224323226E1,2.571219200E1,1.050663198E2,1.529999971E0,2.770000000E2,3.790092468E0,4.175665855E0
5.471474185E2,6.224322873E1,2.571216132E1,1.042108469E2,1.600000024E0,2.511000061E2,3.790092468E0,3.829932928E0
5.481470311E2,6.224324410E1,2.571212225E1,1.044164810E2,2.700000048E0,3.071000061E2,3.790092468E0,3.803903580E0
5.491466524E2,6.224325418E1,2.571210312E1,1.051826602E2,1.570000052E0,3.082999878E2,3.790092468E0,3.422638893E0
5.501465254E2,6.224326093E1,2.571208820E1,1.061146091E2,1.509999990E0,3.142000122E2,3.790092468E0,2.951126099E0
